<?xml version="1.0" encoding="UTF-8"?>
<project-private xmlns="http://www.netbeans.org/ns/project-private/1">
    <editor-bookmarks xmlns="http://www.netbeans.org/ns/editor-bookmarks/2" lastBookmarkId="0"/>
    <open-files xmlns="http://www.netbeans.org/ns/projectui-open-files/2">
        <group>
            <file>file:/C:/Users/jogom/Documents/projetos.-.3ed.-.pre2/capitulo08/VendaProdutos/web/js/formularios/vendas/listagem.js</file>
            <file>file:/C:/Users/jogom/Documents/projetos.-.3ed.-.pre2/capitulo08/VendaProdutos/web/js/formularios/vendas/novo.js</file>
        </group>
    </open-files>
</project-private>
