<?xml version="1.0" encoding="UTF-8"?>
<project-private xmlns="http://www.netbeans.org/ns/project-private/1">
    <editor-bookmarks xmlns="http://www.netbeans.org/ns/editor-bookmarks/2" lastBookmarkId="0"/>
    <open-files xmlns="http://www.netbeans.org/ns/projectui-open-files/2">
        <group>
            <file>file:/C:/Users/jogom/Documents/GitHub/SBVIDSW/Capitulo%2007/Projeto07/src/java/projeto07/controladores/FrutaServlets.java</file>
            <file>file:/C:/Users/jogom/Documents/GitHub/SBVIDSW/Capitulo%2007/Projeto07/web/index.jsp</file>
        </group>
    </open-files>
</project-private>
